id;id_can_bo;ten_can_bo;dia_chi;nam_sinh;email;so_dien_thoai;so_cmnd;ten_dang_nhap;mat_khau;trang_thai;client_id;client_secret;username_kyso;password_kyso
1;20885;ouch;flaky beside imaginative;2024-07-16;HoangMinh_To@gmail.com;of;colorfully butane;outside twang psst;squelch;15171;fillet;disperse the besides;gulp;soon
2;6960;whenever;busily;2024-07-16;NgocKhanh.Ho@gmail.com;agile wonderful but;mysteriously;devoted sparse;blah sharply;13795;payee ugh way;lost;ah owlishly ouch;flow modulo
3;12146;naughty realistic;lively;2024-07-17;ThanhSang.Duong73@gmail.com;unto;lashes um;brood;of nonstop;1135;which critical;colorfully;short-term in;ha beneath
4;25393;how ruins;off yuck;2024-07-16;NgocLoan_7ko@hotmail.com;boo since;high;unit gamma-ray;polished;13763;next;considerate;before a;mid behind cruise
5;28450;eek;missile nicely yum;2024-07-16;DiemHuong_Tang37@gmail.com;leafy weatherise;to sedately;abaft;shack solution;2238;noisily kiss woot;belt needily;misjudge uninstall nicely;yippee recondition
6;31428;behind however;afore squirrel;2024-07-16;AiThi_Ha87@gmail.com;occupy;verve;so hence;self-esteem;10134;but;viciously reapply;soon;superpose finally illustrious
7;27027;lest;lest till orient;2024-07-16;7konThuan_Tang@hotmail.com;yum provided;about;intentional wound;correlate unlike although;24687;playfully yowza;twist near;towards jaggedly;atelier within glorious
8;26592;consequently per sans;chemical unwieldy whereas;2024-07-16;ThanhThuy.Ho48@gmail.com;when;replica;quick-witted lest regarding;brilliant gee;29115;oblong;upside-down fondly;unsteady phooey;pish
9;18440;alongside instance;scarily;2024-07-17;TieuBao.Ngo94@hotmail.com;blah;unless;musty gently reading;immaculate;27156;anise pish reference;buckle knowing across;majestically melodic;anti presence till
10;10565;bronze aha;among angrily pish;2024-07-16;TheTrung81@gmail.com;cheerfully;synthesise supply;overjoyed woot flimsy;apologize pro optimise;23784;redhead;hm wilderness;hint those;mid
